{
  "stage": "10_frozen_test_evaluation_scope_corrected",
  "configuration_id": "W050_S40",
  "frozen_configuration_sha256": "0f59ca5856ad132a6516e63e3d61650878ef1ffb8a446ae11defb679642dbb3f",
  "primary_outcome": "mean document-level canonical F1@10",
  "test_records": 102,
  "canonical_precision_top10": 0.15965219421101773,
  "canonical_recall_top10": 0.24089635854341737,
  "canonical_f1_top10": 0.18446475989728583,
  "canonical_f1_bootstrap_ci_95": [
    0.1594199947735847,
    0.2098925047703162
  ],
  "canonical_any_match_top10": 0.803921568627451,
  "exact_f1_top10": 0.13410897541520378,
  "formal_comparisons": [
    {
      "selected_method": "Composite Keyword Scoring",
      "comparison_method": "KeyBERT",
      "top_k": 10,
      "documents": 102,
      "mean_paired_difference": 0.14645579814264933,
      "median_paired_difference": 0.14285714285714288,
      "bootstrap_ci_lower": 0.115656490760297,
      "bootstrap_ci_upper": 0.1769402752988393,
      "bootstrap_probability_difference_gt_0": 1.0,
      "cks_document_wins": 74,
      "document_ties": 22,
      "cks_document_losses": 6,
      "bootstrap_replicates": 10000,
      "bootstrap_seed": 20260722,
      "status": "final frozen test paired inference",
      "observed_mean_difference": 0.14645579814264933,
      "randomization_p_one_sided_cks_gt_baseline": 9.99990000099999e-06,
      "randomization_p_two_sided": 9.99990000099999e-06,
      "randomization_replicates": 100000,
      "randomization_seed": 20260723,
      "null_model": "paired document-level sign-flip",
      "holm_adjusted_p_two_sided": 3.999960000399996e-05,
      "holm_adjusted_p_one_sided": 3.999960000399996e-05,
      "reject_two_sided_holm_0_05": true,
      "reject_one_sided_holm_0_05": true
    },
    {
      "selected_method": "Composite Keyword Scoring",
      "comparison_method": "TF-IDF only",
      "top_k": 10,
      "documents": 102,
      "mean_paired_difference": 0.1253869784579127,
      "median_paired_difference": 0.14087301587301587,
      "bootstrap_ci_lower": 0.09787912607224888,
      "bootstrap_ci_upper": 0.151930458046375,
      "bootstrap_probability_difference_gt_0": 1.0,
      "cks_document_wins": 79,
      "document_ties": 14,
      "cks_document_losses": 9,
      "bootstrap_replicates": 10000,
      "bootstrap_seed": 20260722,
      "status": "final frozen test paired inference",
      "observed_mean_difference": 0.1253869784579127,
      "randomization_p_one_sided_cks_gt_baseline": 9.99990000099999e-06,
      "randomization_p_two_sided": 9.99990000099999e-06,
      "randomization_replicates": 100000,
      "randomization_seed": 20260724,
      "null_model": "paired document-level sign-flip",
      "holm_adjusted_p_two_sided": 3.999960000399996e-05,
      "holm_adjusted_p_one_sided": 3.999960000399996e-05,
      "reject_two_sided_holm_0_05": true,
      "reject_one_sided_holm_0_05": true
    },
    {
      "selected_method": "Composite Keyword Scoring",
      "comparison_method": "TextRank",
      "top_k": 10,
      "documents": 102,
      "mean_paired_difference": 0.17707497391753446,
      "median_paired_difference": 0.15384615384615385,
      "bootstrap_ci_lower": 0.150811184802318,
      "bootstrap_ci_upper": 0.20351156264759201,
      "bootstrap_probability_difference_gt_0": 1.0,
      "cks_document_wins": 82,
      "document_ties": 19,
      "cks_document_losses": 1,
      "bootstrap_replicates": 10000,
      "bootstrap_seed": 20260722,
      "status": "final frozen test paired inference",
      "observed_mean_difference": 0.17707497391753446,
      "randomization_p_one_sided_cks_gt_baseline": 9.99990000099999e-06,
      "randomization_p_two_sided": 9.99990000099999e-06,
      "randomization_replicates": 100000,
      "randomization_seed": 20260725,
      "null_model": "paired document-level sign-flip",
      "holm_adjusted_p_two_sided": 3.999960000399996e-05,
      "holm_adjusted_p_one_sided": 3.999960000399996e-05,
      "reject_two_sided_holm_0_05": true,
      "reject_one_sided_holm_0_05": true
    },
    {
      "selected_method": "Composite Keyword Scoring",
      "comparison_method": "YAKE",
      "top_k": 10,
      "documents": 102,
      "mean_paired_difference": 0.06968664745481352,
      "median_paired_difference": 0.06174242424242425,
      "bootstrap_ci_lower": 0.04070682709415408,
      "bootstrap_ci_upper": 0.09831475205718285,
      "bootstrap_probability_difference_gt_0": 1.0,
      "cks_document_wins": 66,
      "document_ties": 19,
      "cks_document_losses": 17,
      "bootstrap_replicates": 10000,
      "bootstrap_seed": 20260722,
      "status": "final frozen test paired inference",
      "observed_mean_difference": 0.06968664745481352,
      "randomization_p_one_sided_cks_gt_baseline": 2.999970000299997e-05,
      "randomization_p_two_sided": 2.999970000299997e-05,
      "randomization_replicates": 100000,
      "randomization_seed": 20260726,
      "null_model": "paired document-level sign-flip",
      "holm_adjusted_p_two_sided": 3.999960000399996e-05,
      "holm_adjusted_p_one_sided": 3.999960000399996e-05,
      "reject_two_sided_holm_0_05": true,
      "reject_one_sided_holm_0_05": true
    }
  ],
  "configuration_reselection_performed": false,
  "threshold_reselection_performed": false
}